Name,Private,F.Undergrad,P.Undergrad,Outstate,Books,Personal
Abilene Christian University,Yes,2885,537,7440,450,2200
Adelphi University,Yes,2683,1227,12280,750,1500
Adrian College,Yes,1036,99,11250,400,1165
Agnes Scott College,Yes,510,63,12960,450,875
Alaska Pacific University,Yes,249,869,7560,800,1500
Albertson College,Yes,678,41,13500,500,675
Albertus Magnus College,Yes,416,230,13290,500,1500
Albion College,Yes,1594,32,13868,450,850
Albright College,Yes,973,306,15595,300,500
Alderson-Broaddus College,Yes,799,78,10468,660,1800
Alfred University,Yes,1830,110,16548,500,600
Allegheny College,Yes,1707,44,17080,400,600
Allentown Coll. of St. Francis de Sales,Yes,1130,638,9690,600,1000
Alma College,Yes,1306,28,12572,400,400
Alverno College,Yes,1317,1235,8352,650,2449
American International College,Yes,1018,287,8700,450,1400
Amherst College,Yes,1593,5,19760,660,1598
Anderson University,Yes,1819,281,10100,550,1100
Andrews University,Yes,1586,326,9996,900,1320
Angelo State University,No,4190,1512,5130,500,2000
Antioch University,Yes,712,23,15476,400,1100
Appalachian State University,No,9940,1035,6806,96,2000
Aquinas College,Yes,1251,767,11208,350,1615
Arizona State University Main campus,No,22593,7585,7434,700,2100
Arkansas College (Lyon College),Yes,530,182,8644,500,800
Arkansas Tech University,No,3602,939,3460,450,1000
Assumption College,Yes,1708,689,12000,500,500
Auburn University-Main Campus,No,16262,1716,6300,600,1908
Augsburg College,Yes,2074,726,11902,540,950
Augustana College IL,Yes,1950,38,13353,540,821
Augustana College,Yes,1337,300,10990,600,1021
Austin College,Yes,1120,15,11280,400,1150
Averett College,Yes,777,538,9925,750,1350
Baker University,Yes,958,466,8620,400,2250
Baldwin-Wallace College,Yes,2718,1460,10995,1000,1000
Barat College,Yes,453,266,9690,500,500
Bard College,Yes,1004,15,19264,750,750
Barnard College,Yes,2121,69,17926,600,850
Barry University,Yes,1811,3144,11290,600,1800
Baylor University,Yes,9919,484,6450,600,1346
Beaver College,Yes,878,519,12850,400,800
Bellarmine College,Yes,1198,605,8840,750,1290
Belmont Abbey College,Yes,709,131,9000,300,2480
Belmont University,Yes,1964,623,7800,650,900
Beloit College,Yes,1085,81,16304,355,715
Bemidji State University,No,3796,824,4425,660,1800
Benedictine College,Yes,702,501,9550,350,250
Bennington College,Yes,457,2,21700,600,500
Bentley College,Yes,3095,1533,13800,630,850
Berry College,Yes,1620,49,8050,350,2375
Bethany College,Yes,706,62,8740,550,1700
Bethel College KS,Yes,537,101,8540,500,1400
Bethel College,Yes,347,74,6200,600,800
Bethune Cookman College,Yes,2128,82,5188,650,2500
Birmingham-Southern College,Yes,1376,207,11660,400,900
Blackburn College,Yes,421,27,6500,500,1000
Bloomsburg Univ. of Pennsylvania,No,5847,946,7844,500,1680
Bluefield College,Yes,653,129,7150,450,1500
Bluffton College,Yes,760,81,9900,400,900
Boston University,Yes,14971,3113,18420,475,1025
Bowdoin College,Yes,1490,8,19030,1495,875
Bowling Green State University,No,13699,1213,7452,600,1700
Bradford College,Yes,453,42,14080,500,900
Bradley University,Yes,4531,643,10870,2000,1522
Brandeis University,Yes,2819,62,19380,410,1000
Brenau University,Yes,917,479,9592,500,700
Brewton-Parker College,Yes,1320,822,4371,500,2000
Briar Cliff College,Yes,738,430,10260,600,1500
Bridgewater College,Yes,881,55,10265,560,875
Brigham Young University at Provo,Yes,27378,1253,2340,860,1220
Brown University,Yes,5643,349,19528,720,1100
Bryn Mawr College,Yes,1088,16,18165,500,1200
Bucknell University,Yes,3316,31,18550,800,1200
Buena Vista College,Yes,1928,442,13306,450,950
Butler University,Yes,2607,148,13130,500,1600
Cabrini College,Yes,1035,446,10518,300,300
Caldwell College,Yes,693,868,8900,425,1000
California Lutheran University,Yes,1427,432,12950,612,576
California Polytechnic-San Luis,No,12911,1404,7380,612,2091
California State University at Fresno,No,13494,1254,7706,600,1926
Calvin College,Yes,3401,136,10230,400,1210
Campbell University,Yes,3191,1204,7550,600,500
Campbellsville College,Yes,935,184,6060,600,1300
Canisius College,Yes,2978,434,10750,400,1130
Capital University,Yes,1662,960,13050,500,800
Capitol College,Yes,282,331,8400,300,2134
Carleton College,Yes,1870,12,19292,550,550
Carnegie Mellon University,Yes,4265,291,17900,450,1250
Carroll College,Yes,1357,737,12200,480,930
Carson-Newman College,Yes,1776,239,8150,400,500
Carthage College,Yes,1405,580,13125,500,1300
Case Western Reserve University,Yes,3051,513,15700,525,1460
Castleton State College,No,1547,294,7656,400,700
Catawba College,Yes,915,80,9270,600,1860
Catholic University of America,Yes,2159,211,13712,526,1100
Cazenovia College,Yes,1010,12,9384,600,500
Cedar Crest College,Yes,791,764,14340,500,1000
Cedarville College,Yes,2196,82,7344,570,1000
Centenary College,Yes,396,526,11400,500,760
Centenary College of Louisiana,Yes,775,44,8950,600,1900
Center for Creative Studies,Yes,525,323,11230,2340,620
Central College,Yes,1355,40,10938,650,600
Central Connecticut State University,No,6394,3881,5962,500,985
Central Missouri State University,No,8094,1596,4620,300,2250
Central Washington University,No,6507,898,7242,654,1416
Central Wesleyan College,Yes,1047,33,8300,600,600
Centre College,Yes,943,7,11850,600,900
Chapman University,Yes,1662,209,16624,600,1100
Chatham College,Yes,471,148,13500,400,850
Chestnut Hill College,Yes,518,232,10335,700,850
Christendom College,Yes,139,3,8730,400,800
Christian Brothers University,Yes,1068,364,9300,600,900
Christopher Newport University,No,2910,1749,7860,525,1889
Claflin College,Yes,959,13,4412,500,1000
Claremont McKenna College,Yes,887,1,17000,500,850
Clark University,Yes,1928,296,17500,500,950
Clarke College,Yes,604,350,10740,350,900
Clarkson University,Yes,2332,53,15960,700,1300
Clemson University,No,11755,770,8116,800,1618
Clinch Valley Coll. of  the Univ. of Virginia,No,1125,422,7168,600,1900
Coe College,Yes,1127,205,13925,500,2200
Coker College,Yes,690,222,9888,400,1000
Colby College,Yes,1720,35,18930,500,1000
Colgate University,Yes,2649,25,19510,500,750
College Misericordia,Yes,1121,493,10860,550,900
College of Charleston,No,6851,1200,6120,666,2316
College of Mount St. Joseph,Yes,1165,1232,9800,400,1150
College of Mount St. Vincent,Yes,707,432,11790,500,1000
College of Notre Dame,Yes,500,331,12600,630,2250
College of Notre Dame of Maryland,Yes,667,1983,11180,600,700
College of Saint Benedict,Yes,1715,103,12247,500,600
College of Saint Catherine,Yes,1692,562,12224,450,1000
College of Saint Elizabeth,Yes,493,968,10900,380,1000
College of Saint Rose,Yes,1698,894,9990,800,1500
College of Santa Fe,Yes,873,683,11138,600,1200
College of St. Joseph,Yes,201,173,8300,450,1300
College of St. Scholastica,Yes,1350,275,11844,450,1146
College of the Holy Cross,Yes,2675,22,18000,400,900
College of William and Mary,No,5186,134,11720,600,800
College of Wooster,Yes,1704,1,16240,500,500
Colorado College,Yes,1892,7,17142,450,1200
Colorado State University,No,15646,1829,8412,470,1800
Columbia College MO,Yes,690,5346,8294,400,900
Columbia College,Yes,968,237,10425,500,1500
Columbia University,Yes,3376,55,18624,550,300
Concordia College at St. Paul,Yes,1049,181,10500,450,950
Concordia Lutheran College,Yes,534,172,6900,450,1825
Concordia University CA,Yes,641,101,10800,570,1515
Concordia University,Yes,1168,145,9216,400,1000
Connecticut College,Yes,1630,232,18740,600,500
Converse College,Yes,643,80,12050,500,900
Cornell College,Yes,1140,10,15248,550,800
Creighton University,Yes,3450,644,10628,650,2055
Culver-Stockton College,Yes,992,112,8000,400,500
Cumberland College,Yes,1306,122,6230,400,600
D'Youville College,Yes,1074,336,8920,680,1320
Dana College,Yes,550,84,9130,450,1450
Daniel Webster College,Yes,460,536,12292,500,500
Dartmouth College,Yes,3918,32,19545,550,1100
Davidson College,Yes,1601,6,17295,600,1011
Defiance College,Yes,645,283,10850,400,1159
Delta State University,No,2806,538,4528,500,1200
Denison University,Yes,1835,14,16900,500,600
DePauw University,Yes,1983,36,14300,550,950
Dickinson College,Yes,1889,62,18700,595,1250
Dickinson State University,No,1376,237,4486,600,2000
Dillard University,Yes,1539,45,6700,500,2307
Doane College,Yes,1022,411,9570,400,1000
Dominican College of Blauvelt,Yes,756,863,8310,600,1800
Dordt College,Yes,1048,56,9800,450,2800
Dowling College,Yes,1059,2458,9000,450,1413
Drake University,Yes,3322,726,13420,560,1675
Drew University,Yes,1192,87,18432,520,660
Drury College,Yes,1065,48,8730,500,750
Duke University,Yes,6188,53,18590,625,1162
Earlham College,Yes,1028,13,15036,600,600
East Carolina University,No,13171,1687,7248,500,1700
East Tennessee State University,No,6706,2640,5800,600,2200
East Texas Baptist University,Yes,1050,151,4950,530,1500
Eastern College,Yes,1057,355,11190,450,1230
Eastern Connecticut State University,No,2766,1531,5962,650,500
Eastern Illinois University,No,9161,845,5710,120,1730
Eastern Mennonite College,Yes,903,59,9650,600,1300
Eastern Nazarene College,Yes,1238,30,8770,450,700
Eckerd College,Yes,1363,23,15360,600,1000
Elizabethtown College,Yes,1476,299,14190,500,750
Elmira College,Yes,1109,502,14990,450,550
Elms College,Yes,544,436,11800,450,1700
Elon College,Yes,2933,334,9100,490,1777
Embry Riddle Aeronautical University,Yes,4772,856,7800,570,3020
Emory & Henry College,Yes,809,32,8578,700,1600
Emory University,Yes,5544,192,17600,600,870
Emporia State University,No,3957,588,5401,450,1888
Erskine College,Yes,532,35,10485,475,1246
Eureka College,Yes,484,16,10955,330,670
Evergreen State College,No,3065,363,6297,600,1323
Fairfield University,Yes,2984,1037,15000,700,1100
Fayetteville State University,No,2632,617,6806,350,766
Ferrum College,Yes,1051,82,9400,500,1600
Flagler College,Yes,1345,44,5120,500,2140
Florida Institute of Technology,Yes,1863,233,13900,750,1500
Florida International University,No,10208,9310,6597,800,3028
Florida Southern College,Yes,1506,970,8025,400,650
Florida State University,No,18906,3242,6680,600,1020
Fontbonne College,Yes,981,337,8390,350,1500
Fordham University,Yes,4740,1646,14235,600,1735
Fort Lewis College,No,3793,486,6198,500,2500
Francis Marion University,No,3224,436,5840,400,2430
Franciscan University of Steubenville,Yes,1301,242,9650,600,1000
Franklin College,Yes,840,68,10390,525,1345
Franklin Pierce College,Yes,1818,1197,13320,500,800
Freed-Hardeman University,Yes,1174,50,5500,600,1600
Fresno Pacific College,Yes,704,63,9900,630,1818
Furman University,Yes,2371,175,13440,600,1250
Gannon University,Yes,2693,691,10970,500,1380
Gardner Webb University,Yes,1603,374,8180,500,500
Geneva College,Yes,1306,258,9476,500,1100
George Fox College,Yes,1271,43,12500,400,1050
George Mason University,No,9528,3822,10800,580,1050
George Washington University,Yes,5471,1470,17450,700,950
Georgetown College,Yes,1063,48,8100,550,550
Georgetown University,Yes,5881,406,18300,670,1700
Georgia Institute of Technology,No,8528,654,6489,795,1164
Georgia State University,No,7732,9054,6744,720,3450
Georgian Court College,Yes,1095,785,9150,500,800
Gettysburg College,Yes,1944,46,19964,500,500
Goldey Beacom College,Yes,823,963,6120,531,1830
Gonzaga University,Yes,2523,296,13000,600,2400
Gordon College,Yes,1151,39,12200,400,1200
Goshen College,Yes,910,166,9420,600,1230
Goucher College,Yes,850,80,15588,500,1200
Grace College and Seminary,Yes,618,113,8958,300,1000
Graceland College,Yes,996,2281,9100,550,880
Grand Valley State University,No,8234,2619,6108,500,1000
Green Mountain College,Yes,545,42,11750,400,850
Greensboro College,Yes,649,314,8330,550,1300
Greenville College,Yes,771,53,10310,400,800
Grinnell College,Yes,1333,30,15688,400,400
Grove City College,Yes,2213,35,5224,525,350
Guilford College,Yes,1410,299,13404,450,1050
Gustavus Adolphus College,Yes,2281,50,14125,400,700
Gwynedd Mercy College,Yes,716,1108,11000,500,500
Hamilton College,Yes,1646,24,19700,300,800
Hamline University,Yes,1362,102,13252,450,550
Hampden - Sydney College,Yes,945,1,13218,660,600
Hampton University,Yes,4623,740,7161,600,2000
Hanover College,Yes,1024,15,8200,500,1200
Hardin-Simmons University,Yes,1365,334,6300,700,2140
Harding University,Yes,3128,213,5504,700,910
Hartwick College,Yes,1464,67,17480,500,700
Harvard University,Yes,6862,320,18485,500,1920
Harvey Mudd College,Yes,654,5,17230,700,900
Hastings College,Yes,935,37,9376,500,1902
Hendrix College,Yes,954,6,8800,500,1200
Hillsdale College,Yes,1133,42,11090,400,750
Hiram College,Yes,1000,275,14067,400,1000
Hobart and William Smith Colleges,Yes,1792,5,19029,600,600
Hofstra University,Yes,6534,1350,11600,1000,1000
Hollins College,Yes,795,74,13470,500,850
Hood College,Yes,710,399,13960,450,690
Hope College,Yes,2505,208,12275,465,1100
Houghton College,Yes,1210,26,9990,500,1500
Huntingdon College,Yes,538,126,8080,500,1100
Huntington College,Yes,488,43,9950,300,1300
Huron University,Yes,392,69,7260,600,1840
Husson College,Yes,951,706,7800,350,1500
Illinois Benedictine College,Yes,1222,519,10500,650,1500
Illinois College,Yes,909,28,8050,600,1000
Illinois Institute of Technology,Yes,1911,626,14550,500,700
Illinois State University,No,15701,1823,7799,537,2605
Illinois Wesleyan University,Yes,1818,23,14360,400,650
Immaculata College,Yes,494,1305,10000,500,1000
Incarnate Word College,Yes,1685,556,8840,750,2775
Indiana State University,No,8596,1949,6892,600,2500
Indiana University at Bloomington,No,24763,2717,9766,600,2000
Indiana Wesleyan University,Yes,2448,707,9210,700,1000
Iona College,Yes,3906,1446,10690,570,1150
Iowa State University,No,18676,1715,7550,640,2055
Ithaca College,Yes,5612,166,14424,634,1000
James Madison University,No,9652,742,7994,500,732
Jamestown College,Yes,9950,71,7620,400,400
Jersey City State College,No,3817,1394,3946,400,1500
John Brown University,Yes,961,99,6398,400,1350
John Carroll University,Yes,3168,392,11700,600,450
Johns Hopkins University,Yes,3566,1569,18800,500,1040
Johnson State College,No,1224,345,7656,500,624
Judson College,Yes,552,67,9414,500,1700
Juniata College,Yes,1075,43,14850,450,420
Kansas State University,No,14914,2246,6995,600,2000
Kansas Wesleyan University,Yes,474,258,8400,500,1400
Keene State College,No,3480,776,7870,500,1150
Kentucky Wesleyan College,Yes,662,121,8000,500,1300
Kenyon College,Yes,1445,1,19240,750,480
Keuka College,Yes,738,55,9600,600,750
King's College,Yes,500,541,10910,400,1795
King College,Yes,509,44,8664,600,3000
Knox College,Yes,967,24,15747,400,800
La Roche College,Yes,650,819,8842,600,1100
La Salle University,Yes,2738,1662,12600,450,3160
Lafayette College,Yes,2018,226,18730,600,1000
LaGrange College,Yes,600,363,6987,750,1500
Lake Forest College,Yes,968,20,16880,920,1320
Lakeland College,Yes,887,1957,9400,500,1000
Lamar University,No,5438,4058,4752,508,1463
Lambuth University,Yes,840,325,5170,600,1590
Lander University,No,2074,341,4938,528,1702
Lawrence University,Yes,1129,74,17163,525,975
Le Moyne College,Yes,1820,558,11040,400,900
Lebanon Valley College,Yes,965,502,13850,400,1125
Lehigh University,Yes,4298,132,18700,750,1130
Lenoir-Rhyne College,Yes,1188,166,10100,400,1000
Lesley College,Yes,1134,336,11700,550,805
LeTourneau University,Yes,1532,77,8840,600,1400
Lewis and Clark College,Yes,1763,59,15800,450,950
Lewis University,Yes,2192,1423,10560,500,1200
Lincoln Memorial University,Yes,925,605,5950,600,1300
Lincoln University,No,1196,33,4818,350,1400
Lindenwood College,Yes,2155,191,9200,1000,4200
Linfield College,Yes,1548,840,13380,500,900
Livingstone College,Yes,621,11,4400,800,900
Lock Haven University of Pennsylvania,No,3390,325,7352,225,500
Longwood College,No,2874,118,7920,550,2200
Loras College,Yes,1663,170,11200,500,1200
Louisiana College,Yes,912,158,5150,500,1655
Louisiana State University at Baton Rouge,No,16269,3757,5925,600,2242
Louisiana Tech University,No,6720,1822,3957,618,1656
Loyola College,Yes,3010,184,12990,600,900
Loyola Marymount University,Yes,3558,436,13592,545,1328
Loyola University,Yes,2740,761,11100,600,750
Loyola University Chicago,Yes,5244,3417,11500,700,2000
Luther College,Yes,2269,85,13240,600,400
Lycoming College,Yes,1363,74,13900,500,900
Lynchburg College,Yes,1524,280,12450,450,870
Lyndon State College,No,959,150,7320,500,600
Macalester College,Yes,1723,113,15909,500,700
MacMurray College,Yes,628,63,9620,550,950
Malone College,Yes,1605,246,9858,450,1200
Manchester College,Yes,909,51,10440,525,1450
Manhattan College,Yes,2578,254,12370,500,1800
Manhattanville College,Yes,830,150,14700,450,400
Mankato State University,No,9649,1792,4300,450,1660
Marian College of Fond du Lac,Yes,1160,653,9400,500,1100
Marietta College,Yes,1089,210,13850,470,810
Marist College,Yes,3557,658,10700,550,1200
Marquette University,Yes,7016,804,11610,600,1950
Marshall University,Yes,7703,2339,5094,700,1560
Mary Baldwin College,Yes,846,377,11200,600,1300
Mary Washington College,No,2997,736,6490,650,2102
Marymount College Tarrytown,Yes,731,370,11510,575,1075
Marymount Manhattan College,Yes,988,785,10200,350,1100
Marymount University,Yes,1247,776,11390,500,750
Maryville College,Yes,624,128,11200,500,1642
Maryville University,Yes,1343,1751,9250,425,1350
Marywood College,Yes,1452,402,11040,600,700
Massachusetts Institute of Technology,Yes,4481,28,20100,725,1600
Mayville State University,No,658,58,4486,600,1900
McKendree College,Yes,836,684,7680,500,800
McMurry University,Yes,880,477,6930,400,1525
McPherson College,Yes,336,80,7950,600,2740
Mercer University,Yes,2943,1260,11985,400,1500
Mercyhurst College,Yes,1805,433,9813,425,1000
Meredith College,Yes,1721,470,6720,450,1520
Merrimack College,Yes,1927,1084,12500,375,1000
Mesa State College,No,3471,911,5016,540,2256
Messiah College,Yes,2258,53,10300,475,1200
Miami University at Oxford,No,13606,807,8856,500,1382
Michigan State University,No,26640,4120,10658,504,600
Michigan Technological University,No,5524,414,8127,900,1200
MidAmerica Nazarene College,Yes,1100,166,6840,1100,4913
Millersville University of Penn.,No,5146,1532,7844,450,1258
Milligan College,Yes,685,49,8200,550,1000
Millikin University,Yes,1788,95,11910,450,965
Millsaps College,Yes,1073,179,11320,550,1350
Milwaukee School of Engineering,Yes,1773,884,11505,1000,2075
Mississippi College,Yes,1695,721,5580,600,700
Mississippi State University,No,10094,1621,9866,480,1479
Mississippi University for Women,No,1673,1014,4386,600,1500
Missouri Southern State College,No,3689,2200,3840,200,400
Missouri Valley College,Yes,1057,175,8550,400,900
Monmouth College IL,Yes,671,11,13000,400,460
Monmouth College,Yes,1893,847,12480,530,1740
Montana College of Mineral Sci. & Tech.,No,1470,416,6073,550,1400
Montana State University,No,8730,993,5552,550,2300
Montclair State University,No,6411,3186,3648,700,950
Montreat-Anderson College,Yes,316,20,8438,500,2958
Moorhead State University,No,5983,1075,4426,600,1000
Moravian College,Yes,1241,485,14990,550,1250
Morehouse College,Yes,2852,153,7050,250,600
Morningside College,Yes,950,228,10520,500,1000
Morris College,Yes,926,12,4515,850,2100
Mount Holyoke College,Yes,1891,40,19300,750,750
Mount Marty College,Yes,600,435,6844,500,500
Mount Mary College,Yes,931,487,8950,550,1125
Mount Mercy College,Yes,806,542,10500,500,2285
Mount Saint Clare College,Yes,364,88,9900,500,1200
Mount Saint Mary's College,Yes,1243,79,12850,550,900
Mount Saint Mary College,Yes,1170,429,7470,250,1400
Mount St. Mary's College,Yes,1039,466,12474,630,1278
Mount Union College,Yes,1365,144,12250,400,1150
Mount Vernon Nazarene College,Yes,1114,94,7400,600,600
Muhlenberg College,Yes,1656,352,16975,600,850
Murray State University,No,5968,955,4738,700,940
Muskingum College,Yes,1115,70,13240,600,800
National-Louis University,Yes,2508,505,9090,650,500
Nazareth College of Rochester,Yes,1274,471,10850,550,800
New Jersey Institute of Technology,No,3311,1646,8832,700,1850
New Mexico Institute of Mining and Tech.,No,1017,411,5376,600,1100
New York University,Yes,12408,2814,17748,450,1000
Newberry College,Yes,601,36,10194,500,1500
Niagara University,Yes,1919,334,10320,450,650
North Adams State College,No,1380,136,5542,500,1000
North Carolina A. & T. State University,No,6162,871,6806,600,1651
North Carolina State University at Raleigh,No,16505,5481,8400,600,1300
North Carolina Wesleyan College,Yes,646,84,8242,600,1295
North Central College,Yes,1310,766,11718,450,1800
North Dakota State University,No,7368,1128,5834,600,2000
North Park College,Yes,879,156,12580,400,970
Northeast Missouri State University,No,5640,266,4856,400,1100
Northeastern University,Yes,11160,10221,13380,600,1750
Northern Arizona University,No,11249,2682,6746,620,2342
Northern Illinois University,No,14826,1979,7799,470,1750
Northwest Missouri State University,No,4787,472,3735,250,1630
Northwest Nazarene College,Yes,1115,60,9840,450,822
Northwestern College,Yes,1040,52,9900,300,1800
Northwestern University,Yes,7450,45,16404,759,1585
Norwich University,Yes,1862,382,14134,500,800
Notre Dame College,Yes,500,311,9990,400,600
Oakland University,No,6441,3982,9114,400,650
Oberlin College,Yes,2587,120,19670,575,1119
Occidental College,Yes,1686,35,16560,558,1152
Oglethorpe University,Yes,769,377,12900,600,4110
Ohio Northern University,Yes,2502,66,15990,600,825
Ohio University,No,14861,1310,7629,550,2300
Ohio Wesleyan University,Yes,1780,48,16732,550,550
Oklahoma Baptist University,Yes,1707,705,5390,515,1290
Oklahoma Christian University,Yes,1419,228,6400,500,1900
Oklahoma State University,No,12830,1658,5336,800,3100
Otterbein College,Yes,1648,936,12888,420,840
Ouachita Baptist University,Yes,1310,61,6530,500,1500
Our Lady of the Lake University,Yes,1202,942,8530,616,1576
Pace University,Yes,5809,4379,11000,660,1115
Pacific Lutheran University,Yes,2580,302,13312,600,1516
Pacific Union College,Yes,1316,139,11925,630,1926
Pacific University,Yes,1041,35,14210,450,1100
Pembroke State University,No,2174,529,6360,550,1498
Pennsylvania State Univ. Main Campus,No,28938,2025,10645,512,2394
Pepperdine University,Yes,2488,625,18200,500,700
Peru State College,No,959,457,2580,500,900
Pfeiffer College,Yes,654,162,8640,400,1915
Philadelphia Coll. of Textiles and Sci.,Yes,1664,1042,11690,600,1664
Phillips University,Yes,597,83,10500,600,940
Piedmont College,Yes,641,63,5640,600,750
Pikeville College,Yes,797,100,6000,500,500
Pitzer College,Yes,750,30,17688,650,850
Point Loma Nazarene College,Yes,1889,217,10178,800,750
Point Park College,Yes,1173,1402,9700,400,1200
Polytechnic University,Yes,1379,214,16200,436,2486
Prairie View A. and M. University,No,4564,448,4290,598,1582
Presbyterian College,Yes,1133,30,11859,554,1429
Princeton University,Yes,4540,146,19900,675,1575
Providence College,Yes,3717,1358,14400,450,1100
Purdue University at West Lafayette,No,26213,4065,9556,570,1060
Queens College,Yes,630,549,11020,610,1900
Quincy University,Yes,1070,72,10100,450,1080
Quinnipiac College,Yes,2677,714,12030,1000,500
Radford University,No,8077,472,6684,500,900
Ramapo College of New Jersey,No,2745,1938,4449,600,1655
Randolph-Macon College,Yes,1071,27,13840,400,900
Randolph-Macon Woman's College,Yes,653,56,13970,370,920
Reed College,Yes,1199,61,19960,500,450
Regis College,Yes,581,533,12700,450,700
Rensselaer Polytechnic Institute,Yes,4291,16,17475,1230,1100
Rhodes College,Yes,1345,59,15200,550,1500
Rider University,Yes,2748,1309,13250,700,3100
Ripon College,Yes,735,28,15200,350,650
Rivier College,Yes,590,1196,9870,600,1100
Roanoke College,Yes,1460,239,13425,450,1200
Rockhurst College,Yes,1127,754,9490,500,1500
Rocky Mountain College,Yes,743,118,8734,600,625
Roger Williams University,Yes,2111,1489,12520,500,730
Rollins College,Yes,1668,1052,16425,955,750
Rosary College,Yes,624,269,10950,550,950
Rowan College of New Jersey,No,5303,3942,4356,800,800
Rutgers at New Brunswick,No,21401,3712,7410,690,2009
Rutgers State University at Camden,No,2585,1300,7411,690,2009
Rutgers State University at Newark,No,4005,1886,7410,690,2009
Sacred Heart University,Yes,1707,1889,11070,400,600
Saint Ambrose University,Yes,1345,390,10450,500,1500
Saint Anselm College,Yes,1873,94,12950,450,1120
Saint Cloud State University,No,11493,2206,4259,350,1884
Saint Francis College IN,Yes,513,247,8670,450,1000
Saint Francis College,Yes,1223,451,10880,400,1235
Saint John's University,Yes,1691,72,12247,500,600
Saint Joseph's College IN,Yes,815,222,11200,600,950
Saint Joseph's College,Yes,716,2196,9985,500,800
Saint Joseph's University,Yes,2473,1314,12750,350,1690
Saint Joseph College,Yes,543,712,12200,650,950
Saint Louis University,Yes,4576,1140,11690,800,6800
Saint Mary's College,Yes,1433,27,12730,500,1525
Saint Mary's College of Minnesota,Yes,1263,118,10800,400,820
Saint Mary-of-the-Woods College,Yes,341,768,10300,500,1700
Saint Michael's College,Yes,1715,106,13030,500,750
Saint Olaf College,Yes,2888,105,14350,550,550
Saint Peter's College,Yes,1921,1154,9408,500,450
Saint Vincent College,Yes,1035,182,10850,500,900
Saint Xavier University,Yes,1670,726,10860,600,794
Salem-Teikyo University,Yes,700,45,10575,400,620
Salem College,Yes,534,216,10475,500,2000
Salisbury State University,No,4296,1027,5130,600,1450
Samford University,Yes,2959,402,8236,569,1650
San Diego State University,No,16407,5550,8384,612,2400
Santa Clara University,Yes,3891,128,13584,630,1278
Sarah Lawrence College,Yes,1000,105,19300,600,700
Savannah Coll. of Art and Design,Yes,1897,208,8325,1200,1600
Schreiner College,Yes,521,99,8955,500,1488
Scripps College,Yes,569,7,17238,600,800
Seattle Pacific University,Yes,1922,704,12669,600,1250
Seattle University,Yes,2993,347,12825,500,1500
Seton Hall University,Yes,4384,1530,12000,650,1000
Seton Hill College,Yes,752,210,11240,350,2000
Shippensburg University of Penn.,No,5268,300,7844,450,1700
Shorter College,Yes,1115,111,7210,500,2000
Siena College,Yes,2669,616,10800,575,1090
Siena Heights College,Yes,686,287,9240,475,1090
Simmons College,Yes,1144,160,16160,500,1200
Simpson College,Yes,1116,602,11250,550,1400
Sioux Falls College,Yes,614,271,8990,500,1700
Skidmore College,Yes,2322,263,18710,500,700
Smith College,Yes,2479,95,18820,500,1050
South Dakota State University,No,7000,1103,3811,500,1970
Southeast Missouri State University,No,6553,1246,4680,200,2150
Southeastern Oklahoma State Univ.,No,2962,651,3738,450,1022
Southern California College,Yes,784,127,9520,630,1818
Southern Illinois University at Edwardsville,No,6063,2550,5472,221,2216
Southern Methodist University,Yes,4892,387,12772,576,1802
Southwest Baptist University,Yes,1770,967,7070,400,1000
Southwest Missouri State University,No,13131,3374,4740,500,1360
Southwest State University,No,2091,546,4285,600,1800
Southwestern Adventist College,Yes,620,280,7536,430,1651
Southwestern College,Yes,504,147,7200,550,1500
Southwestern University,Yes,1177,43,11850,600,1050
Spalding University,Yes,589,263,8400,600,900
Spelman College,Yes,1971,107,7000,660,2400
Spring Arbor College,Yes,1501,353,8600,385,665
St. Bonaventure University,Yes,1688,131,10456,500,1050
St. John's College,Yes,393,4,16150,275,800
St. John Fisher College,Yes,1687,677,10570,400,800
St. Lawrence University,Yes,1801,45,18720,650,825
St. Martin's College,Yes,494,574,11550,300,500
St. Mary's College of California,Yes,2615,248,13332,630,1584
St. Mary's College of Maryland,No,1315,209,6800,675,1250
St. Mary's University of San Antonio,Yes,2149,418,8678,700,1736
St. Norbert College,Yes,1946,95,12140,425,1100
St. Paul's College,Yes,617,34,5000,600,600
St. Thomas Aquinas College,Yes,1117,815,8650,500,1750
Stephens College,Yes,614,388,13900,450,2150
Stetson University,Yes,1964,81,12315,600,1365
Stevens Institute of Technology,Yes,1263,11,16900,450,750
Stockton College of New Jersey,No,4365,765,3040,711,1125
Stonehill College,Yes,2022,926,12170,480,800
SUNY at Albany,No,10168,1231,6550,700,1560
SUNY at Binghamton,No,8544,671,6550,700,1000
SUNY at Buffalo,No,13963,3124,6550,708,957
SUNY at Stony Brook,No,9744,1351,6550,600,1200
SUNY College  at Brockport,No,5758,1363,6550,500,705
SUNY College  at Oswego,No,6943,869,6550,500,1500
SUNY College at Buffalo,No,7626,2091,6550,550,1230
SUNY College at Cortland,No,5011,346,6550,630,1274
SUNY College at Fredonia,No,4123,298,6550,620,1481
SUNY College at Geneseo,No,5060,146,6550,600,650
SUNY College at New Paltz,No,4658,1478,6550,550,1500
SUNY College at Plattsburgh,No,5004,475,6550,600,1380
SUNY College at Potsdam,No,3598,234,6840,500,1000
SUNY College at Purchase,No,2478,1441,6550,1125,1362
Susquehanna University,Yes,1442,166,16130,400,800
Sweet Briar College,Yes,527,41,14500,500,600
Syracuse University,Yes,10142,117,15150,635,960
Tabor College,Yes,396,38,7850,400,1500
Talladega College,Yes,908,119,5666,1000,1400
Taylor University,Yes,1757,81,10965,450,1250
Tennessee Wesleyan College,Yes,402,237,7070,400,3158
Texas A&M Univ. at College Station,No,31643,2798,5130,600,2144
Texas A&M University at Galveston,No,1206,134,4860,600,650
Texas Christian University,Yes,5064,660,8490,650,2400
Texas Lutheran College,Yes,895,429,7850,490,1700
Texas Southern University,No,5584,3101,7860,600,1700
Texas Wesleyan University,Yes,1204,392,6400,600,1800
The Citadel,No,2024,292,7070,400,779
Thiel College,Yes,791,140,11172,700,1350
Tiffin University,Yes,662,351,7600,600,1200
Transylvania University,Yes,867,51,10900,500,1000
Trenton State College,No,5167,902,5391,700,1000
Tri-State University,Yes,978,98,9456,468,1323
Trinity College CT,Yes,1737,244,18810,500,680
Trinity College DC,Yes,309,639,11412,500,900
Trinity College VT,Yes,484,541,11010,550,500
Trinity University,Yes,2110,95,12240,500,490
Tulane University,Yes,4941,1534,19040,350,800
Tusculum College,Yes,983,40,7700,450,800
Tuskegee University,Yes,2825,144,6735,600,1425
Union College KY,Yes,634,78,7800,500,600
Union College NY,Yes,1915,123,18732,450,1024
Univ. of Wisconsin at OshKosh,No,7764,1472,6874,518,1890
University of Alabama at Birmingham,No,6960,4698,4440,750,2200
University of Arkansas at Fayetteville,No,9978,1530,5028,500,2000
University of California at Berkeley,No,19532,2061,11648,636,1933
University of California at Irvine,No,12677,864,12024,790,1818
University of Central Florida,No,12330,7152,6618,700,1600
University of Charleston,Yes,771,611,9500,400,750
University of Chicago,Yes,3340,39,18930,500,1254
University of Cincinnati,No,11036,2011,8907,556,1851
University of Connecticut at Storrs,No,12478,1660,11656,700,2300
University of Dallas,Yes,1058,73,10760,500,1200
University of Dayton,Yes,5889,665,11380,500,900
University of Delaware,Yes,14130,4522,10220,530,1300
University of Denver,Yes,2666,554,15192,400,1350
University of Detroit Mercy,Yes,2149,2217,11130,600,2166
University of Dubuque,Yes,662,131,10430,400,1500
University of Evansville,Yes,2551,407,11800,700,960
University of Florida,No,24470,3286,7090,630,1530
University of Georgia,No,19553,2748,5697,525,1755
University of Hartford,Yes,3768,1415,14220,500,1440
University of Hawaii at Manoa,No,11028,2411,4460,687,1281
University of Illinois - Urbana,No,25422,911,7560,500,1982
University of Illinois at Chicago,No,13518,2916,7230,630,3228
University of Indianapolis,Yes,1417,1646,11120,525,1405
University of Kansas,No,17880,1673,6994,700,2681
University of La Verne,Yes,1431,1522,13540,630,2298
University of Louisville,No,9844,6198,6540,530,2440
University of Maine at Farmington,No,1906,344,6810,450,1647
University of Maine at Machias,No,633,317,6600,600,400
University of Maine at Presque Isle,No,974,503,6600,400,1675
University of Maryland at Baltimore County,No,6476,2592,8594,494,2768
University of Maryland at College Park,No,19340,3991,8723,550,1550
University of Massachusetts at Amherst,No,16282,1940,8566,500,1400
University of Massachusetts at Dartmouth,No,4664,1630,6919,500,1250
University of Miami,Yes,7760,876,16500,630,1985
University of Michigan at Ann Arbor,No,22045,1339,15732,476,1600
University of Minnesota at Duluth,No,5887,1254,8828,753,2610
University of Minnesota at Morris,No,1846,154,9843,600,1500
University of Minnesota Twin Cities,No,16502,21836,8949,714,2910
University of Mississippi,No,7524,804,4916,600,550
University of Missouri at Columbia,No,14782,1583,9057,600,1983
University of Missouri at Rolla,No,3926,561,9057,700,1435
University of Missouri at Saint Louis,No,4793,4552,7246,500,4288
University of Mobile,Yes,1417,301,6150,550,1200
University of Montevallo,No,2385,331,4440,300,600
University of Nebraska at Lincoln,No,16454,3171,5595,500,2070
University of New England,Yes,820,159,11450,900,2500
University of New Hampshire,No,10358,1338,11180,650,2450
University of North Carolina at Asheville,No,2033,1078,5972,600,750
University of North Carolina at Chapel Hill,No,14609,1100,8400,550,1200
University of North Carolina at Charlotte,No,10099,3255,7248,600,1900
University of North Carolina at Greensboro,No,7532,1847,8677,600,1300
University of North Carolina at Wilmington,No,6635,1145,7558,500,1500
University of North Dakota,No,8334,1435,5634,450,1200
University of North Florida,No,3876,3588,6634,600,2604
University of North Texas,No,14047,5134,4104,450,1700
University of Northern Colorado,No,8463,1498,7731,540,2286
University of Northern Iowa,No,10135,1448,6197,595,2380
University of Notre Dame,Yes,7671,30,16850,600,1350
University of Oklahoma,No,13436,2582,5173,765,3176
University of Oregon,No,11669,1605,10602,570,1530
University of Pennsylvania,Yes,9205,531,17020,500,1544
University of Pittsburgh-Main Campus,No,13138,4289,10786,400,900
University of Portland,Yes,2041,174,12040,600,1100
University of Puget Sound,Yes,2738,138,16230,630,1800
University of Rhode Island,No,8894,2456,10330,500,1250
University of Richmond,Yes,2854,594,14500,700,1125
University of Rochester,Yes,5071,438,17840,500,882
University of San Diego,Yes,3698,217,13600,630,1820
University of San Francisco,Yes,4309,549,13226,750,2450
University of Sci. and Arts of Oklahoma,No,1140,473,3687,600,1800
University of Scranton,Yes,3674,493,11584,650,800
University of South Carolina at Aiken,No,1855,1412,5800,500,1500
University of South Carolina at Columbia,No,12594,3661,8074,495,2941
University of South Florida,No,14770,10962,6760,500,2180
University of Southern California,Yes,13259,1429,17230,600,2210
University of Southern Colorado,No,3716,675,7100,540,2948
University of Southern Indiana,No,4283,2973,4973,500,1425
University of Southern Mississippi,No,9260,1387,4652,500,500
University of St. Thomas MN,Yes,4106,982,11712,500,800
University of St. Thomas TX,Yes,995,408,8550,500,1344
University of Tennessee at Knoxville,No,15749,3237,5764,750,3300
University of Texas at Arlington,No,10975,8431,4422,500,2850
University of Texas at Austin,No,30017,5189,5130,650,3140
University of Texas at San Antonio,No,9375,5457,4104,452,1200
University of the Arts,Yes,1145,39,12520,1300,700
University of the Pacific,Yes,2664,299,16320,646,1171
University of the South,Yes,1129,24,15350,450,810
University of Tulsa,Yes,2936,433,11750,1200,2350
University of Utah,No,13894,8374,6857,858,3093
University of Vermont,No,7353,1674,15516,500,990
University of Virginia,No,11278,114,12212,500,1000
University of Washington,No,20356,4582,8199,708,2172
University of West Florida,No,3754,2477,6172,541,1387
University of Wisconsin-Stout,No,6038,579,6704,376,1750
University of Wisconsin-Superior,No,1434,417,7032,550,1960
University of Wisconsin-Whitewater,No,7804,1552,6950,300,1200
University of Wisconsin at Green Bay,No,3819,1347,6900,475,1200
University of Wisconsin at Madison,No,23945,2200,9096,535,1545
University of Wisconsin at Milwaukee,No,11561,7443,8786,570,1980
University of Wyoming,No,7535,1488,5988,600,1500
Upper Iowa University,Yes,1481,1160,8840,500,1000
Ursinus College,Yes,1131,17,14900,500,800
Ursuline College,Yes,699,717,9600,450,750
Valley City State University,No,863,189,4286,600,2000
Valparaiso University,Yes,2501,198,11800,500,800
Vanderbilt University,Yes,5500,90,17865,630,952
Vassar College,Yes,2164,77,18920,600,800
Villanova University,Yes,6362,1292,15925,400,300
Virginia Commonwealth University,No,10262,5065,10217,500,3630
Virginia State University,No,3006,338,5587,500,600
Virginia Tech,No,18511,604,10260,740,2200
Virginia Union University,Yes,1298,67,7384,500,1763
Virginia Wesleyan College,Yes,1130,417,10900,500,550
Viterbo College,Yes,1014,387,9140,500,2245
Voorhees College,Yes,703,20,4450,500,1200
Wabash College,Yes,801,5,12925,500,635
Wagner College,Yes,1324,117,13500,585,1700
Wake Forest University,Yes,3499,172,13850,500,1250
Walsh University,Yes,847,497,8670,500,1450
Warren Wilson College,Yes,466,7,10000,400,1100
Wartburg College,Yes,1295,105,11600,400,850
Washington and Jefferson College,Yes,1098,151,16260,300,500
Washington and Lee University,Yes,1584,3,13750,680,1115
Washington College,Yes,822,46,15276,500,300
Washington State University,No,14445,1344,8200,800,2719
Washington University,Yes,4879,1274,18350,768,1512
Wayne State College,No,2754,474,2700,540,1660
Waynesburg College,Yes,1280,61,8840,500,1200
Webber College,Yes,327,110,5590,650,1952
Webster University,Yes,1739,1550,9160,500,500
Wellesley College,Yes,2195,156,18345,500,700
Wells College,Yes,416,19,14900,600,500
Wentworth Institute of Technology,Yes,2961,572,9850,850,920
Wesley College,Yes,872,448,9890,500,1350
Wesleyan University,Yes,2714,27,19130,1400,1400
West Chester University of Penn.,No,7484,1904,7844,400,2000
West Liberty State College,No,2138,227,4470,600,1210
West Virginia Wesleyan College,Yes,1509,170,14200,450,1100
Western Carolina University,No,5000,706,6390,110,1622
Western Maryland College,Yes,1071,98,14510,500,1400
Western Michigan University,No,15739,4278,6940,500,1700
Western New England College,Yes,1803,1116,8994,498,2065
Western State College of Colorado,No,2315,146,5918,500,2050
Western Washington University,No,8909,506,8124,639,2385
Westfield State College,No,3234,941,5542,500,1300
Westminster College MO,Yes,665,37,10720,600,1650
Westminster College,Yes,1411,72,12065,430,685
Westminster College of Salt Lake City,Yes,979,743,8820,600,2025
Westmont College,No,1276,9,14320,490,1410
Wheaton College IL,Yes,2200,56,11480,530,1400
Westminster College PA,Yes,1335,30,18460,700,850
Wheeling Jesuit College,Yes,971,305,10500,600,600
Whitman College,Yes,1220,46,16670,750,800
Whittier College,Yes,1235,30,16249,500,1998
Whitworth College,Yes,1270,160,12660,678,2424
Widener University,Yes,2186,2171,12350,500,1350
Wilkes University,Yes,1803,603,11150,550,1260
Willamette University,Yes,1595,159,14800,400,790
William Jewell College,Yes,1279,75,10060,500,2600
William Woods University,Yes,851,120,10535,550,3700
Williams College,Yes,1988,29,19629,500,1200
Wilson College,Yes,199,676,11428,450,475
Wingate College,Yes,1207,157,7820,550,1550
Winona State University,No,5800,872,4200,300,1200
Winthrop University,No,3395,670,6400,580,2150
Wisconsin Lutheran College,Yes,282,22,9100,500,1400
Wittenberg University,Yes,1980,144,15948,400,800
Wofford College,Yes,1059,34,12680,605,1440
Worcester Polytechnic Institute,Yes,2802,86,15884,530,730
Worcester State College,No,3089,2029,6797,500,1200
Xavier University,Yes,2849,1107,11520,600,1250
Xavier University of Louisiana,Yes,2793,166,6900,617,781
Yale University,Yes,5217,83,19840,630,2115
York College of Pennsylvania,Yes,2988,1726,4990,500,1250
